"";"subj.id";"age_s_c";"gender";"educ_s_c";"prior.climate.pos";"prior.climate.cert";"prior.climate.imp";"prior.climate.diff";"prior.gmo.pos";"prior.gmo.cert";"prior.gmo.imp";"prior.gmo.diff";"prior.hom.pos";"prior.hom.cert";"prior.hom.imp";"prior.hom.diff";"condition";"topic";"version";"diff";"eff";"frustr";"order";"percc";"resp";"rt";"ideology";"num_c";"prior.conc";"ideology.conc";"condition.binary"
"1";2;-0,209795321637427;0;-0,263888888888889;91;82;75;58;0;100;92;0;5;85;85;81;"hard";"clim";"s";84;74;79;3;90;1;168,855;5;-0,455246913580247;"conc";"disc";"1"
"2";2;-0,209795321637427;0;-0,263888888888889;91;82;75;58;0;100;92;0;5;85;85;81;"hard";"gmo";"ns";12;20;1;2;100;1;52,345;5;-0,455246913580247;"disc";"conc";"1"
"3";2;-0,209795321637427;0;-0,263888888888889;91;82;75;58;0;100;92;0;5;85;85;81;"hard";"hom";"ns";76;73;74;1;86;0;272,834;5;-0,455246913580247;"disc";"neutr";"1"
"4";3;-0,209795321637427;0;-0,263888888888889;100;76;83;26;100;100;0;0;0;100;0;18;"easy";"clim";"ns";63;64;0;2;84;1;193,769;2;0,21141975308642;"disc";"disc";"0"
"5";3;-0,209795321637427;0;-0,263888888888889;100;76;83;26;100;100;0;0;0;100;0;18;"easy";"gmo";"s";61;61;0;1;100;1;167,531;2;0,21141975308642;"conc";"conc";"0"
"6";3;-0,209795321637427;0;-0,263888888888889;100;76;83;26;100;100;0;0;0;100;0;18;"easy";"hom";"s";26;25;0;3;100;0;100,567;2;0,21141975308642;"conc";"neutr";"0"
"7";4;-0,209795321637427;1;-0,263888888888889;30;100;20;30;40;37;27;37;20;71;0;11;"easy";"clim";"ns";18;29;14;2;70;1;161,427;5,66666666666667;0,21141975308642;"conc";"conc";"0"
"8";4;-0,209795321637427;1;-0,263888888888889;30;100;20;30;40;37;27;37;20;71;0;11;"easy";"gmo";"s";51;20;23;1;50;1;119,383;5,66666666666667;0,21141975308642;"disc";"disc";"0"
"9";4;-0,209795321637427;1;-0,263888888888889;30;100;20;30;40;37;27;37;20;71;0;11;"easy";"hom";"s";19;19;18;3;73;0;94,495;5,66666666666667;0,21141975308642;"disc";"neutr";"0"
"10";5;-0,209795321637427;0;-0,263888888888889;70;68;59;60;17;74;76;19;10;64;19;26;"hard";"clim";"s";67;67;25;2;27;1;75,054;2;-0,0108024691358025;"conc";"conc";"1"
"11";5;-0,209795321637427;0;-0,263888888888889;70;68;59;60;17;74;76;19;10;64;19;26;"hard";"gmo";"ns";66;67;49;3;31;1;78,964;2;-0,0108024691358025;"disc";"disc";"1"
"12";5;-0,209795321637427;0;-0,263888888888889;70;68;59;60;17;74;76;19;10;64;19;26;"hard";"hom";"ns";77;89;74;1;36;1;328,302;2;-0,0108024691358025;"disc";"neutr";"1"
"13";6;-0,130847953216374;2;-0,263888888888889;67;82;87;38;28;18;55;59;0;82;62;19;"hard";"clim";"ns";42;43;0;3;74;1;113,228;2;0,100308641975309;"disc";"disc";"1"
"14";6;-0,130847953216374;2;-0,263888888888889;67;82;87;38;28;18;55;59;0;82;62;19;"hard";"gmo";"s";31;29;0;2;84;0;135,318;2;0,100308641975309;"conc";"conc";"1"
"15";6;-0,130847953216374;2;-0,263888888888889;67;82;87;38;28;18;55;59;0;82;62;19;"hard";"hom";"s";28;17;0;1;88;1;95,879;2;0,100308641975309;"conc";"neutr";"1"
"16";9;-0,183479532163743;0;-0,263888888888889;89;82;64;40;82;80;24;40;45;38;30;71;"easy";"clim";"s";43;56;35;2;87;1;147,431;1,33333333333333;-0,121913580246914;"conc";"conc";"0"
"17";9;-0,183479532163743;0;-0,263888888888889;89;82;64;40;82;80;24;40;45;38;30;71;"easy";"gmo";"ns";43;65;36;3;79;1;101,261;1,33333333333333;-0,121913580246914;"disc";"disc";"0"
"18";9;-0,183479532163743;0;-0,263888888888889;89;82;64;40;82;80;24;40;45;38;30;71;"easy";"hom";"ns";27;54;17;1;92;1;109,766;1,33333333333333;-0,121913580246914;"disc";"neutr";"0"
"19";11;-0,10453216374269;0;-0,263888888888889;49;90;78;59;39;88;29;86;80;89;19;86;"hard";"clim";"s";39;40;5;3;92;1;89,742;3;0,21141975308642;"disc";"conc";"1"
"20";11;-0,10453216374269;0;-0,263888888888889;49;90;78;59;39;88;29;86;80;89;19;86;"hard";"gmo";"ns";27;41;10;2;89;1;96,4;3;0,21141975308642;"conc";"disc";"1"
"21";11;-0,10453216374269;0;-0,263888888888889;49;90;78;59;39;88;29;86;80;89;19;86;"hard";"hom";"s";29;67;5;1;90;1;142,848;3;0,21141975308642;"disc";"neutr";"1"
"22";18;-0,209795321637427;0;-0,263888888888889;91;85;92;53;80;73;61;61;61;54;60;61;"easy";"clim";"ns";85;81;86;3;64;1;4,547;1,66666666666667;-0,344135802469136;"disc";"disc";"0"
"23";18;-0,209795321637427;0;-0,263888888888889;91;85;92;53;80;73;61;61;61;54;60;61;"easy";"gmo";"s";75;79;92;1;57;1;77,715;1,66666666666667;-0,344135802469136;"conc";"conc";"0"
"24";18;-0,209795321637427;0;-0,263888888888889;91;85;92;53;80;73;61;61;61;54;60;61;"easy";"hom";"ns";80;79;84;2;56;1;41,172;1,66666666666667;-0,344135802469136;"disc";"neutr";"0"
"25";19;0,316520467836257;0;0,236111111111111;57;50;28;90;29;52;66;27;91;99;15;41;"easy";"clim";"ns";95;98;99;2;52;0;69,559;3,66666666666667;-0,566358024691358;"disc";"disc";"0"
"26";19;0,316520467836257;0;0,236111111111111;57;50;28;90;29;52;66;27;91;99;15;41;"easy";"gmo";"ns";95;90;98;1;52;1;72,846;3,66666666666667;-0,566358024691358;"disc";"disc";"0"
"27";19;0,316520467836257;0;0,236111111111111;57;50;28;90;29;52;66;27;91;99;15;41;"easy";"hom";"ns";97;98;97;3;53;0;62,1;3,66666666666667;-0,566358024691358;"disc";"neutr";"0"
"28";20;-0,183479532163743;0;-0,263888888888889;100;20;61;79;100;100;23;0;48;0;4;70;"hard";"clim";"s";76;80;68;1;19;1;164,398;1,33333333333333;0,21141975308642;"conc";"conc";"1"
"29";20;-0,183479532163743;0;-0,263888888888889;100;20;61;79;100;100;23;0;48;0;4;70;"hard";"gmo";"s";78;80;80;3;16;0;13,771;1,33333333333333;0,21141975308642;"conc";"conc";"1"
"30";20;-0,183479532163743;0;-0,263888888888889;100;20;61;79;100;100;23;0;48;0;4;70;"hard";"hom";"s";70;65;75;2;30;0;59,063;1,33333333333333;0,21141975308642;"conc";"neutr";"1"
"31";24;-0,157163742690058;0;-0,263888888888889;27;61;68;55;77;44;37;57;61;19;21;90;"hard";"clim";"ns";58;60;78;2;16;1;99,975;2,66666666666667;0,100308641975309;"conc";"disc";"1"
"32";24;-0,157163742690058;0;-0,263888888888889;27;61;68;55;77;44;37;57;61;19;21;90;"hard";"gmo";"ns";83;66;90;3;32;1;50,602;2,66666666666667;0,100308641975309;"conc";"disc";"1"
"33";24;-0,157163742690058;0;-0,263888888888889;27;61;68;55;77;44;37;57;61;19;21;90;"hard";"hom";"s";59;80;100;1;0;1;157,403;2,66666666666667;0,100308641975309;"disc";"neutr";"1"
"34";25;0,132309941520468;0;0,236111111111111;87;100;74;34;48;70;28;55;57;77;3;25;"easy";"clim";"s";35;41;7;1;79;1;309,046;2,66666666666667;0,21141975308642;"conc";"conc";"0"
"35";25;0,132309941520468;0;0,236111111111111;87;100;74;34;48;70;28;55;57;77;3;25;"easy";"gmo";"s";14;34;4;2;74;1;92,192;2,66666666666667;0,21141975308642;"conc";"conc";"0"
"36";25;0,132309941520468;0;0,236111111111111;87;100;74;34;48;70;28;55;57;77;3;25;"easy";"hom";"ns";23;24;7;3;87;1;79,244;2,66666666666667;0,21141975308642;"disc";"neutr";"0"
"37";26;-0,130847953216374;0;-0,263888888888889;89;90;60;37;52;10;20;67;39;36;21;39;"hard";"clim";"s";75;76;76;3;18;0;106,571;1,66666666666667;-0,121913580246914;"conc";"conc";"1"
"38";26;-0,130847953216374;0;-0,263888888888889;89;90;60;37;52;10;20;67;39;36;21;39;"hard";"gmo";"ns";80;79;64;1;15;1;198,178;1,66666666666667;-0,121913580246914;"disc";"disc";"1"
"39";26;-0,130847953216374;0;-0,263888888888889;89;90;60;37;52;10;20;67;39;36;21;39;"hard";"hom";"s";73;75;62;2;18;1;86,853;1,66666666666667;-0,121913580246914;"conc";"neutr";"1"
"40";27;0,132309941520468;0;0,236111111111111;0;79;0;49;100;69;0;51;0;100;0;0;"easy";"clim";"ns";70;70;81;1;90;1;162,478;6,66666666666667;0,21141975308642;"conc";"conc";"0"
"41";27;0,132309941520468;0;0,236111111111111;0;79;0;49;100;69;0;51;0;100;0;0;"easy";"gmo";"s";50;60;60;2;87;1;129,621;6,66666666666667;0,21141975308642;"disc";"disc";"0"
"42";27;0,132309941520468;0;0,236111111111111;0;79;0;49;100;69;0;51;0;100;0;0;"easy";"hom";"ns";40;56;27;3;91;0;61,191;6,66666666666667;0,21141975308642;"conc";"neutr";"0"
"43";29;0,21125730994152;0;0,236111111111111;90;89;83;18;57;27;27;74;11;90;4;28;"hard";"clim";"s";27;55;35;2;66;1;218,54;1,66666666666667;-0,121913580246914;"conc";"conc";"1"
"44";29;0,21125730994152;0;0,236111111111111;90;89;83;18;57;27;27;74;11;90;4;28;"hard";"gmo";"ns";30;40;15;1;69;1;92,937;1,66666666666667;-0,121913580246914;"disc";"disc";"1"
"45";29;0,21125730994152;0;0,236111111111111;90;89;83;18;57;27;27;74;11;90;4;28;"hard";"hom";"ns";20;19;10;3;88;1;82,943;1,66666666666667;-0,121913580246914;"disc";"neutr";"1"
"46";30;-0,130847953216374;0;0,236111111111111;86;65;63;31;44;61;43;65;34;37;28;63;"hard";"clim";"s";58;66;41;3;40;0;136,119;3;-0,121913580246914;"conc";"conc";"1"
"47";30;-0,130847953216374;0;0,236111111111111;86;65;63;31;44;61;43;65;34;37;28;63;"hard";"gmo";"ns";53;43;32;2;42;1;76,347;3;-0,121913580246914;"disc";"disc";"1"
"48";30;-0,130847953216374;0;0,236111111111111;86;65;63;31;44;61;43;65;34;37;28;63;"hard";"hom";"ns";56;43;30;1;35;0;112,188;3;-0,121913580246914;"disc";"neutr";"1"
"49";31;-0,157163742690058;0;-0,263888888888889;74;76;58;35;91;97;37;60;11;87;16;26;"easy";"clim";"ns";63;69;58;1;32;1;211,123;1,66666666666667;0,21141975308642;"disc";"disc";"0"
"50";31;-0,157163742690058;0;-0,263888888888889;74;76;58;35;91;97;37;60;11;87;16;26;"easy";"gmo";"s";41;39;27;3;80;1;99,682;1,66666666666667;0,21141975308642;"conc";"conc";"0"
"51";31;-0,157163742690058;0;-0,263888888888889;74;76;58;35;91;97;37;60;11;87;16;26;"easy";"hom";"s";38;36;27;2;80;0;149,5;1,66666666666667;0,21141975308642;"conc";"neutr";"0"
"52";33;0,132309941520468;0;0,236111111111111;81;59;60;62;31;72;80;73;35;70;41;71;"hard";"clim";"s";42;74;0;1;80;0;109,27;3,5;-0,121913580246914;"conc";"conc";"1"
"53";33;0,132309941520468;0;0,236111111111111;81;59;60;62;31;72;80;73;35;70;41;71;"hard";"gmo";"s";35;9;0;2;88;0;52,526;3,5;-0,121913580246914;"conc";"conc";"1"
"54";33;0,132309941520468;0;0,236111111111111;81;59;60;62;31;72;80;73;35;70;41;71;"hard";"hom";"s";62;60;0;3;62;1;79,314;3,5;-0,121913580246914;"conc";"neutr";"1"
"55";34;-0,10453216374269;0;-0,263888888888889;73;66;64;62;7;80;59;46;50;49;27;78;"easy";"clim";"ns";64;67;65;1;16;0;123,5;6;-0,455246913580247;"disc";"conc";"0"
"56";34;-0,10453216374269;0;-0,263888888888889;73;66;64;62;7;80;59;46;50;49;27;78;"easy";"gmo";"ns";19;21;70;3;54;1;33,824;6;-0,455246913580247;"disc";"conc";"0"
"57";34;-0,10453216374269;0;-0,263888888888889;73;66;64;62;7;80;59;46;50;49;27;78;"easy";"hom";"ns";58;48;58;2;46;0;97,231;6;-0,455246913580247;"disc";"neutr";"0"
"58";35;-0,157163742690058;0;-0,263888888888889;91;82;100;65;62;36;56;63;59;12;51;53;"hard";"clim";"s";71;65;35;3;35;1;24,74;2;-0,233024691358025;"conc";"conc";"1"
"59";35;-0,157163742690058;0;-0,263888888888889;91;82;100;65;62;36;56;63;59;12;51;53;"hard";"gmo";"ns";57;73;12;1;59;0;74,698;2;-0,233024691358025;"disc";"disc";"1"
"60";35;-0,157163742690058;0;-0,263888888888889;91;82;100;65;62;36;56;63;59;12;51;53;"hard";"hom";"ns";45;73;18;2;40;1;96,177;2;-0,233024691358025;"disc";"neutr";"1"
"61";37;0,0796783625730994;0;0,236111111111111;80;69;100;79;100;79;28;60;49;28;18;80;"easy";"clim";"s";29;28;0;3;70;0;12,643;3,66666666666667;-0,121913580246914;"conc";"conc";"0"
"62";37;0,0796783625730994;0;0,236111111111111;80;69;100;79;100;79;28;60;49;28;18;80;"easy";"gmo";"s";17;18;0;2;79;1;17,256;3,66666666666667;-0,121913580246914;"conc";"conc";"0"
"63";37;0,0796783625730994;0;0,236111111111111;80;69;100;79;100;79;28;60;49;28;18;80;"easy";"hom";"ns";29;29;0;1;69;0;41,355;3,66666666666667;-0,121913580246914;"disc";"neutr";"0"
"64";38;0,790204678362573;1;-0,763888888888889;100;100;90;15;18;96;98;12;78;80;52;52;"hard";"clim";"ns";52;52;65;2;91;0;158,355;4;0,100308641975309;"disc";"neutr";"1"
"65";38;0,790204678362573;1;-0,763888888888889;100;100;90;15;18;96;98;12;78;80;52;52;"hard";"gmo";"ns";32;32;30;3;100;1;94,19;4;0,100308641975309;"disc";"neutr";"1"
"66";38;0,790204678362573;1;-0,763888888888889;100;100;90;15;18;96;98;12;78;80;52;52;"hard";"hom";"s";71;74;80;1;100;1;161,101;4;0,100308641975309;"conc";"neutr";"1"
"67";40;0,132309941520468;0;0,236111111111111;70;60;49;30;71;59;59;46;35;36;52;63;"hard";"clim";"s";52;53;20;1;54;1;134,032;4,66666666666667;-0,0108024691358025;"conc";"disc";"1"
"68";40;0,132309941520468;0;0,236111111111111;70;60;49;30;71;59;59;46;35;36;52;63;"hard";"gmo";"ns";56;61;33;2;39;1;159,544;4,66666666666667;-0,0108024691358025;"disc";"conc";"1"
"69";40;0,132309941520468;0;0,236111111111111;70;60;49;30;71;59;59;46;35;36;52;63;"hard";"hom";"s";58;55;42;3;38;1;88,763;4,66666666666667;-0,0108024691358025;"conc";"neutr";"1"
"70";41;-0,130847953216374;0;0,236111111111111;29;61;40;50;19;71;61;19;50;50;40;81;"hard";"clim";"ns";20;22;61;1;71;0;43,997;6,66666666666667;-0,233024691358025;"conc";"conc";"1"
"71";41;-0,130847953216374;0;0,236111111111111;29;61;40;50;19;71;61;19;50;50;40;81;"hard";"gmo";"ns";50;40;51;3;50;1;30,344;6,66666666666667;-0,233024691358025;"conc";"conc";"1"
"72";41;-0,130847953216374;0;0,236111111111111;29;61;40;50;19;71;61;19;50;50;40;81;"hard";"hom";"ns";30;20;50;2;61;0;31,336;6,66666666666667;-0,233024691358025;"conc";"neutr";"1"
"73";42;-0,0519005847953216;0;0,236111111111111;70;90;29;70;90;91;80;61;0;100;38;0;"easy";"clim";"ns";80;76;100;3;19;1;67,3;4;-0,121913580246914;"disc";"neutr";"0"
"74";42;-0,0519005847953216;0;0,236111111111111;70;90;29;70;90;91;80;61;0;100;38;0;"easy";"gmo";"s";100;90;90;2;19;1;118,185;4;-0,121913580246914;"conc";"neutr";"0"
"75";42;-0,0519005847953216;0;0,236111111111111;70;90;29;70;90;91;80;61;0;100;38;0;"easy";"hom";"ns";69;77;79;1;60;0;89,9;4;-0,121913580246914;"disc";"neutr";"0"
"76";44;-0,0782163742690059;1;0,236111111111111;59;61;33;24;39;69;59;60;29;28;33;71;"hard";"clim";"s";36;38;35;3;68;1;46,601;5,66666666666667;0,21141975308642;"conc";"disc";"1"
"77";44;-0,0782163742690059;1;0,236111111111111;59;61;33;24;39;69;59;60;29;28;33;71;"hard";"gmo";"ns";32;21;21;2;75;0;43,174;5,66666666666667;0,21141975308642;"disc";"conc";"1"
"78";44;-0,0782163742690059;1;0,236111111111111;59;61;33;24;39;69;59;60;29;28;33;71;"hard";"hom";"s";67;68;63;1;26;1;191,406;5,66666666666667;0,21141975308642;"conc";"neutr";"1"
"79";45;-0,183479532163743;1;-0,263888888888889;89;100;78;6;50;52;26;69;27;70;28;52;"easy";"clim";"ns";37;28;41;1;69;1;54,845;2,33333333333333;0,100308641975309;"disc";"disc";"0"
"80";45;-0,183479532163743;1;-0,263888888888889;89;100;78;6;50;52;26;69;27;70;28;52;"easy";"gmo";"s";72;39;39;2;74;1;66,712;2,33333333333333;0,100308641975309;"conc";"conc";"0"
"81";45;-0,183479532163743;1;-0,263888888888889;89;100;78;6;50;52;26;69;27;70;28;52;"easy";"hom";"ns";19;67;36;3;44;1;28,929;2,33333333333333;0,100308641975309;"disc";"neutr";"0"
"82";48;-0,10453216374269;0;-0,263888888888889;79;80;87;70;18;73;81;61;24;29;37;80;"hard";"clim";"s";65;69;69;1;37;1;270,306;2,66666666666667;0,21141975308642;"conc";"conc";"1"
"83";48;-0,10453216374269;0;-0,263888888888889;79;80;87;70;18;73;81;61;24;29;37;80;"hard";"gmo";"ns";68;64;37;3;24;1;78,645;2,66666666666667;0,21141975308642;"disc";"disc";"1"
"84";48;-0,10453216374269;0;-0,263888888888889;79;80;87;70;18;73;81;61;24;29;37;80;"hard";"hom";"s";80;78;91;2;24;1;285,838;2,66666666666667;0,21141975308642;"conc";"neutr";"1"
"85";51;0,21125730994152;0;0,236111111111111;71;77;65;13;30;100;69;22;5;98;9;1;"hard";"clim";"ns";40;34;5;1;52;1;80,2;3;0,21141975308642;"disc";"disc";"1"
"86";51;0,21125730994152;0;0,236111111111111;71;77;65;13;30;100;69;22;5;98;9;1;"hard";"gmo";"s";37;35;3;2;75;0;24,732;3;0,21141975308642;"conc";"conc";"1"
"87";51;0,21125730994152;0;0,236111111111111;71;77;65;13;30;100;69;22;5;98;9;1;"hard";"hom";"s";62;41;15;3;67;1;63,451;3;0,21141975308642;"conc";"neutr";"1"
"88";53;-0,183479532163743;0;-0,263888888888889;81;81;91;19;30;68;79;20;61;61;51;39;"easy";"clim";"s";27;61;29;3;69;1;91,04;3,33333333333333;-0,121913580246914;"conc";"conc";"0"
"89";53;-0,183479532163743;0;-0,263888888888889;81;81;91;19;30;68;79;20;61;61;51;39;"easy";"gmo";"ns";37;65;28;1;29;1;87,911;3,33333333333333;-0,121913580246914;"disc";"disc";"0"
"90";53;-0,183479532163743;0;-0,263888888888889;81;81;91;19;30;68;79;20;61;61;51;39;"easy";"hom";"ns";42;66;39;2;18;1;113,43;3,33333333333333;-0,121913580246914;"disc";"neutr";"0"
"91";54;-0,183479532163743;0;-0,263888888888889;81;68;49;29;39;9;19;31;8;88;19;18;"hard";"clim";"s";27;28;100;3;7;0;51,552;1,66666666666667;0,21141975308642;"conc";"conc";"1"
"92";54;-0,183479532163743;0;-0,263888888888889;81;68;49;29;39;9;19;31;8;88;19;18;"hard";"gmo";"s";18;6;100;2;0;0;43,602;1,66666666666667;0,21141975308642;"conc";"conc";"1"
"93";54;-0,183479532163743;0;-0,263888888888889;81;68;49;29;39;9;19;31;8;88;19;18;"hard";"hom";"s";18;6;100;1;0;0;119,33;1,66666666666667;0,21141975308642;"conc";"neutr";"1"
"94";56;-0,157163742690058;0;-0,263888888888889;68;80;38;69;68;39;70;38;74;33;64;86;"easy";"clim";"ns";66;63;33;2;34;1;38,374;2;-0,233024691358025;"disc";"disc";"0"
"95";56;-0,157163742690058;0;-0,263888888888889;68;80;38;69;68;39;70;38;74;33;64;86;"easy";"gmo";"s";66;35;25;3;61;1;27,761;2;-0,233024691358025;"conc";"conc";"0"
"96";56;-0,157163742690058;0;-0,263888888888889;68;80;38;69;68;39;70;38;74;33;64;86;"easy";"hom";"s";22;20;16;1;71;0;46,123;2;-0,233024691358025;"conc";"neutr";"0"
"97";57;-0,10453216374269;0;-0,263888888888889;100;100;88;59;100;87;20;37;50;0;0;50;"hard";"clim";"s";8;20;5;1;77;1;56,212;2,33333333333333;0,100308641975309;"conc";"conc";"1"
"98";57;-0,10453216374269;0;-0,263888888888889;100;100;88;59;100;87;20;37;50;0;0;50;"hard";"gmo";"ns";9;7;7;3;77;1;66,633;2,33333333333333;0,100308641975309;"disc";"disc";"1"
"99";57;-0,10453216374269;0;-0,263888888888889;100;100;88;59;100;87;20;37;50;0;0;50;"hard";"hom";"ns";0;4;4;2;80;1;32,257;2,33333333333333;0,100308641975309;"disc";"neutr";"1"
"100";62;-0,183479532163743;0;-0,263888888888889;99;78;64;48;51;46;15;60;52;8;6;75;"easy";"clim";"ns";63;51;49;1;0;0;203,069;2;-0,121913580246914;"disc";"disc";"0"
"101";62;-0,183479532163743;0;-0,263888888888889;99;78;64;48;51;46;15;60;52;8;6;75;"easy";"gmo";"ns";57;63;60;2;0;1;44,841;2;-0,121913580246914;"disc";"disc";"0"
"102";62;-0,183479532163743;0;-0,263888888888889;99;78;64;48;51;46;15;60;52;8;6;75;"easy";"hom";"ns";49;52;46;3;2;0;99,375;2;-0,121913580246914;"disc";"neutr";"0"
"103";63;0,105994152046784;0;-0,263888888888889;78;38;61;53;19;78;80;18;19;66;17;70;"easy";"clim";"ns";83;76;83;3;19;0;295,301;4;-0,0108024691358025;"disc";"neutr";"0"
"104";63;0,105994152046784;0;-0,263888888888889;78;38;61;53;19;78;80;18;19;66;17;70;"easy";"gmo";"s";76;78;80;1;27;0;178,18;4;-0,0108024691358025;"conc";"neutr";"0"
"105";63;0,105994152046784;0;-0,263888888888889;78;38;61;53;19;78;80;18;19;66;17;70;"easy";"hom";"s";76;80;18;2;69;0;80,981;4;-0,0108024691358025;"conc";"neutr";"0"
"106";66;-0,0255847953216374;0;0,236111111111111;42;29;68;66;86;78;57;35;8;88;20;29;"hard";"clim";"ns";30;37;16;1;55;1;202,125;2,66666666666667;0,322530864197531;"conc";"disc";"1"
"107";66;-0,0255847953216374;0;0,236111111111111;42;29;68;66;86;78;57;35;8;88;20;29;"hard";"gmo";"ns";35;31;32;3;59;1;46,275;2,66666666666667;0,322530864197531;"conc";"disc";"1"
"108";66;-0,0255847953216374;0;0,236111111111111;42;29;68;66;86;78;57;35;8;88;20;29;"hard";"hom";"ns";39;32;25;2;55;1;77,466;2,66666666666667;0,322530864197531;"conc";"neutr";"1"
"109";69;-0,0255847953216374;0;0,236111111111111;67;69;68;46;40;43;36;37;58;57;56;58;"easy";"clim";"ns";64;70;66;2;62;1;161;1,66666666666667;-0,233024691358025;"disc";"disc";"0"
"110";69;-0,0255847953216374;0;0,236111111111111;67;69;68;46;40;43;36;37;58;57;56;58;"easy";"gmo";"s";56;49;41;1;66;1;113,898;1,66666666666667;-0,233024691358025;"conc";"conc";"0"
"111";69;-0,0255847953216374;0;0,236111111111111;67;69;68;46;40;43;36;37;58;57;56;58;"easy";"hom";"s";60;56;57;3;77;0;67,636;1,66666666666667;-0,233024691358025;"conc";"neutr";"0"
"112";70;0,000730994152046777;0;0,236111111111111;100;76;87;35;81;79;70;65;0;100;28;16;"hard";"clim";"s";34;27;15;2;75;1;91,454;1;0,322530864197531;"conc";"conc";"1"
"113";70;0,000730994152046777;0;0,236111111111111;100;76;87;35;81;79;70;65;0;100;28;16;"hard";"gmo";"ns";63;62;54;3;41;0;135,494;1;0,322530864197531;"disc";"disc";"1"
"114";70;0,000730994152046777;0;0,236111111111111;100;76;87;35;81;79;70;65;0;100;28;16;"hard";"hom";"ns";42;35;60;1;40;1;173,702;1;0,322530864197531;"disc";"neutr";"1"
"115";71;-0,183479532163743;0;-0,263888888888889;50;50;48;66;33;61;38;61;50;52;16;69;"hard";"clim";"s";57;59;19;2;70;1;61,245;5,33333333333333;0,21141975308642;"neutr";"disc";"1"
"116";71;-0,183479532163743;0;-0,263888888888889;50;50;48;66;33;61;38;61;50;52;16;69;"hard";"gmo";"ns";60;63;39;1;70;1;66,381;5,33333333333333;0,21141975308642;"neutr";"conc";"1"
"117";71;-0,183479532163743;0;-0,263888888888889;50;50;48;66;33;61;38;61;50;52;16;69;"hard";"hom";"ns";59;60;21;3;69;1;29,579;5,33333333333333;0,21141975308642;"neutr";"neutr";"1"
"118";72;-0,0782163742690059;0;0,236111111111111;100;100;48;3;40;70;35;3;71;69;60;30;"hard";"clim";"ns";71;71;16;2;87;0;2,2;1;-0,566358024691358;"disc";"disc";"1"
"119";72;-0,0782163742690059;0;0,236111111111111;100;100;48;3;40;70;35;3;71;69;60;30;"hard";"gmo";"s";28;28;71;1;28;1;6,278;1;-0,566358024691358;"conc";"conc";"1"
"120";72;-0,0782163742690059;0;0,236111111111111;100;100;48;3;40;70;35;3;71;69;60;30;"hard";"hom";"ns";29;28;84;3;13;1;4,1;1;-0,566358024691358;"disc";"neutr";"1"
"121";73;0,027046783625731;1;0,236111111111111;28;68;71;60;48;48;23;52;26;27;37;59;"easy";"clim";"ns";52;75;70;2;32;1;370,202;3,33333333333333;-0,121913580246914;"conc";"disc";"0"
"122";73;0,027046783625731;1;0,236111111111111;28;68;71;60;48;48;23;52;26;27;37;59;"easy";"gmo";"s";55;75;88;3;11;1;137,361;3,33333333333333;-0,121913580246914;"disc";"conc";"0"
"123";73;0,027046783625731;1;0,236111111111111;28;68;71;60;48;48;23;52;26;27;37;59;"easy";"hom";"s";55;71;69;1;28;0;293,302;3,33333333333333;-0,121913580246914;"disc";"neutr";"0"
"124";75;-0,130847953216374;0;-0,263888888888889;68;59;69;38;18;79;67;28;18;38;58;70;"easy";"clim";"s";0;1;5;3;100;1;35,325;4,66666666666667;0,100308641975309;"conc";"disc";"0"
"125";75;-0,130847953216374;0;-0,263888888888889;68;59;69;38;18;79;67;28;18;38;58;70;"easy";"gmo";"ns";0;9;1;2;100;0;57,229;4,66666666666667;0,100308641975309;"disc";"conc";"0"
"126";75;-0,130847953216374;0;-0,263888888888889;68;59;69;38;18;79;67;28;18;38;58;70;"easy";"hom";"s";16;28;0;1;100;0;91,252;4,66666666666667;0,100308641975309;"conc";"neutr";"0"
"127";77;-0,183479532163743;0;-0,263888888888889;50;49;31;65;39;31;38;62;49;51;23;47;"easy";"clim";"s";35;39;70;1;60;1;135,473;5,66666666666667;0,100308641975309;"neutr";"disc";"0"
"128";77;-0,183479532163743;0;-0,263888888888889;50;49;31;65;39;31;38;62;49;51;23;47;"easy";"gmo";"s";18;17;8;3;62;1;44,426;5,66666666666667;0,100308641975309;"neutr";"disc";"0"
"129";77;-0,183479532163743;0;-0,263888888888889;50;49;31;65;39;31;38;62;49;51;23;47;"easy";"hom";"s";28;18;10;2;61;0;82,865;5,66666666666667;0,100308641975309;"neutr";"neutr";"0"
"130";78;0,158625730994152;0;0,236111111111111;60;58;18;29;2;99;78;7;60;30;24;60;"easy";"clim";"ns";79;80;87;2;15;1;152,963;7;-0,121913580246914;"disc";"conc";"0"
"131";78;0,158625730994152;0;0,236111111111111;60;58;18;29;2;99;78;7;60;30;24;60;"easy";"gmo";"s";11;19;3;1;100;1;98,235;7;-0,121913580246914;"conc";"disc";"0"
"132";78;0,158625730994152;0;0,236111111111111;60;58;18;29;2;99;78;7;60;30;24;60;"easy";"hom";"s";36;29;12;3;59;0;43,66;7;-0,121913580246914;"conc";"neutr";"0"
"133";82;-0,157163742690058;0;-0,263888888888889;70;59;59;82;28;80;30;3;8;100;52;17;"hard";"clim";"s";42;9;99;3;0;1;246,66;4,66666666666667;-0,121913580246914;"conc";"disc";"1"
"134";82;-0,157163742690058;0;-0,263888888888889;70;59;59;82;28;80;30;3;8;100;52;17;"hard";"gmo";"ns";24;58;100;2;17;0;236,724;4,66666666666667;-0,121913580246914;"disc";"conc";"1"
"135";82;-0,157163742690058;0;-0,263888888888889;70;59;59;82;28;80;30;3;8;100;52;17;"hard";"hom";"ns";34;50;91;1;33;1;301,045;4,66666666666667;-0,121913580246914;"disc";"neutr";"1"
"136";83;-0,130847953216374;0;-0,263888888888889;70;59;29;50;10;90;70;39;7;40;21;78;"hard";"clim";"ns";80;90;90;1;28;0;48,922;5,33333333333333;-0,233024691358025;"disc";"conc";"1"
"137";83;-0,130847953216374;0;-0,263888888888889;70;59;29;50;10;90;70;39;7;40;21;78;"hard";"gmo";"ns";84;92;77;3;27;1;15,268;5,33333333333333;-0,233024691358025;"disc";"conc";"1"
"138";83;-0,130847953216374;0;-0,263888888888889;70;59;29;50;10;90;70;39;7;40;21;78;"hard";"hom";"ns";89;91;85;2;1;0;28,187;5,33333333333333;-0,233024691358025;"disc";"neutr";"1"
"139";84;-0,0255847953216374;0;0,236111111111111;51;68;48;16;58;70;49;17;38;57;25;21;"easy";"clim";"s";0;2;0;3;89;0;54,042;2,66666666666667;-0,121913580246914;"conc";"conc";"0"
"140";84;-0,0255847953216374;0;0,236111111111111;51;68;48;16;58;70;49;17;38;57;25;21;"easy";"gmo";"s";22;24;0;1;48;1;152,567;2,66666666666667;-0,121913580246914;"conc";"conc";"0"
"141";84;-0,0255847953216374;0;0,236111111111111;51;68;48;16;58;70;49;17;38;57;25;21;"easy";"hom";"s";21;22;0;2;49;1;241,807;2,66666666666667;-0,121913580246914;"conc";"neutr";"0"
"142";85;-0,157163742690058;0;-0,263888888888889;71;67;29;14;48;24;20;8;76;83;9;3;"hard";"clim";"ns";38;31;0;2;56;1;43,421;5;-0,233024691358025;"disc";"conc";"1"
"143";85;-0,157163742690058;0;-0,263888888888889;71;67;29;14;48;24;20;8;76;83;9;3;"hard";"gmo";"ns";36;21;0;3;28;1;47,519;5;-0,233024691358025;"disc";"conc";"1"
"144";85;-0,157163742690058;0;-0,263888888888889;71;67;29;14;48;24;20;8;76;83;9;3;"hard";"hom";"s";37;61;9;1;73;1;127,338;5;-0,233024691358025;"conc";"neutr";"1"
"145";89;0,132309941520468;0;0,236111111111111;56;78;54;91;98;95;10;26;0;100;0;0;"easy";"clim";"s";76;72;23;3;95;0;72,858;2,66666666666667;0,21141975308642;"conc";"conc";"0"
"146";89;0,132309941520468;0;0,236111111111111;56;78;54;91;98;95;10;26;0;100;0;0;"easy";"gmo";"s";72;76;18;2;73;1;64,892;2,66666666666667;0,21141975308642;"conc";"conc";"0"
"147";89;0,132309941520468;0;0,236111111111111;56;78;54;91;98;95;10;26;0;100;0;0;"easy";"hom";"ns";67;72;87;1;81;1;122,953;2,66666666666667;0,21141975308642;"disc";"neutr";"0"
"148";90;-0,0519005847953216;0;0,236111111111111;100;82;38;7;37;52;19;83;99;24;28;26;"easy";"clim";"ns";27;28;14;2;90;0;94,123;5;0,21141975308642;"disc";"conc";"0"
"149";90;-0,0519005847953216;0;0,236111111111111;100;82;38;7;37;52;19;83;99;24;28;26;"easy";"gmo";"ns";20;25;23;3;85;1;75,394;5;0,21141975308642;"disc";"conc";"0"
"150";90;-0,0519005847953216;0;0,236111111111111;100;82;38;7;37;52;19;83;99;24;28;26;"easy";"hom";"s";22;17;0;1;91;0;96,543;5;0,21141975308642;"conc";"neutr";"0"
"151";91;-0,10453216374269;0;0,236111111111111;70;59;71;47;44;31;40;59;38;35;23;61;"hard";"clim";"s";33;39;41;1;75;1;36,703;5;0,100308641975309;"conc";"disc";"1"
"152";91;-0,10453216374269;0;0,236111111111111;70;59;71;47;44;31;40;59;38;35;23;61;"hard";"gmo";"ns";67;60;64;3;33;0;33,002;5;0,100308641975309;"disc";"conc";"1"
"153";91;-0,10453216374269;0;0,236111111111111;70;59;71;47;44;31;40;59;38;35;23;61;"hard";"hom";"ns";40;52;55;2;63;1;42,801;5;0,100308641975309;"disc";"neutr";"1"
"154";92;-0,183479532163743;0;-0,263888888888889;81;91;61;19;39;91;9;41;30;19;40;81;"hard";"clim";"s";9;40;10;1;100;1;233,282;2,66666666666667;-0,0108024691358025;"conc";"conc";"1"
"155";92;-0,183479532163743;0;-0,263888888888889;81;91;61;19;39;91;9;41;30;19;40;81;"hard";"gmo";"s";0;9;0;3;100;1;223,185;2,66666666666667;-0,0108024691358025;"conc";"conc";"1"
"156";92;-0,183479532163743;0;-0,263888888888889;81;91;61;19;39;91;9;41;30;19;40;81;"hard";"hom";"ns";0;11;0;2;100;1;129,618;2,66666666666667;-0,0108024691358025;"disc";"neutr";"1"
"157";114;-0,0519005847953216;1;0,236111111111111;28;78;33;17;79;70;17;1;0;100;0;0;"easy";"clim";"ns";29;28;8;1;68;1;75,344;4,33333333333333;0,100308641975309;"conc";"conc";"0"
"158";114;-0,0519005847953216;1;0,236111111111111;28;78;33;17;79;70;17;1;0;100;0;0;"easy";"gmo";"s";7;9;8;2;79;1;18,402;4,33333333333333;0,100308641975309;"disc";"disc";"0"
"159";114;-0,0519005847953216;1;0,236111111111111;28;78;33;17;79;70;17;1;0;100;0;0;"easy";"hom";"s";0;1;0;3;100;1;12,794;4,33333333333333;0,100308641975309;"disc";"neutr";"0"
"160";117;0,369152046783626;1;0,236111111111111;73;100;70;9;52;93;62;49;0;80;10;8;"easy";"clim";"s";10;9;8;2;99;1;72,249;4;0,21141975308642;"conc";"neutr";"0"
"161";117;0,369152046783626;1;0,236111111111111;73;100;70;9;52;93;62;49;0;80;10;8;"easy";"gmo";"s";5;4;5;3;90;1;65,542;4;0,21141975308642;"conc";"neutr";"0"
"162";117;0,369152046783626;1;0,236111111111111;73;100;70;9;52;93;62;49;0;80;10;8;"easy";"hom";"ns";30;19;10;1;100;0;95,564;4;0,21141975308642;"disc";"neutr";"0"
"163";118;0,027046783625731;1;0,236111111111111;19;60;18;0;32;64;16;7;22;30;29;23;"hard";"clim";"ns";65;40;40;1;57;0;16,026;6,5;-0,233024691358025;"conc";"conc";"1"
"164";118;0,027046783625731;1;0,236111111111111;19;60;18;0;32;64;16;7;22;30;29;23;"hard";"gmo";"ns";42;43;44;2;1;1;38,006;6,5;-0,233024691358025;"conc";"conc";"1"
"165";118;0,027046783625731;1;0,236111111111111;19;60;18;0;32;64;16;7;22;30;29;23;"hard";"hom";"s";55;58;43;3;31;1;11,251;6,5;-0,233024691358025;"disc";"neutr";"1"
"166";123;0,0533625730994152;0;0,236111111111111;71;61;72;80;40;51;72;62;62;39;28;70;"easy";"clim";"s";9;9;20;3;92;0;40,296;3;0,21141975308642;"conc";"conc";"0"
"167";123;0,0533625730994152;0;0,236111111111111;71;61;72;80;40;51;72;62;62;39;28;70;"easy";"gmo";"ns";21;20;8;2;91;0;44,496;3;0,21141975308642;"disc";"disc";"0"
"168";123;0,0533625730994152;0;0,236111111111111;71;61;72;80;40;51;72;62;62;39;28;70;"easy";"hom";"s";39;40;30;1;81;1;66,34;3;0,21141975308642;"conc";"neutr";"0"
"169";127;0,184941520467836;0;0,236111111111111;97;100;80;71;98;100;85;82;0;100;49;61;"hard";"clim";"ns";82;90;80;3;63;1;189,636;2,66666666666667;0,21141975308642;"disc";"disc";"1"
"170";127;0,184941520467836;0;0,236111111111111;97;100;80;71;98;100;85;82;0;100;49;61;"hard";"gmo";"s";83;81;79;1;70;1;192,239;2,66666666666667;0,21141975308642;"conc";"conc";"1"
"171";127;0,184941520467836;0;0,236111111111111;97;100;80;71;98;100;85;82;0;100;49;61;"hard";"hom";"ns";83;80;71;2;65;0;88,982;2,66666666666667;0,21141975308642;"disc";"neutr";"1"
"172";128;0,158625730994152;0;0,236111111111111;91;92;81;72;53;8;29;61;22;72;2;30;"hard";"clim";"ns";93;92;99;3;8;0;12,255;2,33333333333333;-0,455246913580247;"disc";"disc";"1"
"173";128;0,158625730994152;0;0,236111111111111;91;92;81;72;53;8;29;61;22;72;2;30;"hard";"gmo";"ns";82;92;100;1;1;1;58,043;2,33333333333333;-0,455246913580247;"disc";"disc";"1"
"174";128;0,158625730994152;0;0,236111111111111;91;92;81;72;53;8;29;61;22;72;2;30;"hard";"hom";"s";92;93;100;2;3;1;25,417;2,33333333333333;-0,455246913580247;"conc";"neutr";"1"
"175";131;0,316520467836257;1;0,236111111111111;82;74;71;85;65;66;15;36;13;97;16;2;"easy";"clim";"s";61;82;85;1;28;1;123,599;1;0,21141975308642;"conc";"conc";"0"
"176";131;0,316520467836257;1;0,236111111111111;82;74;71;85;65;66;15;36;13;97;16;2;"easy";"gmo";"s";63;72;87;2;23;1;117,482;1;0,21141975308642;"conc";"conc";"0"
"177";131;0,316520467836257;1;0,236111111111111;82;74;71;85;65;66;15;36;13;97;16;2;"easy";"hom";"ns";69;71;73;3;25;1;143,686;1;0,21141975308642;"disc";"neutr";"0"
"178";134;-0,0255847953216374;0;0,236111111111111;70;56;64;63;31;28;63;61;10;61;60;31;"easy";"clim";"s";22;53;2;2;68;1;68,892;2,66666666666667;0,21141975308642;"conc";"conc";"0"
"179";134;-0,0255847953216374;0;0,236111111111111;70;56;64;63;31;28;63;61;10;61;60;31;"easy";"gmo";"ns";29;64;0;1;69;1;119,332;2,66666666666667;0,21141975308642;"disc";"disc";"0"
"180";134;-0,0255847953216374;0;0,236111111111111;70;56;64;63;31;28;63;61;10;61;60;31;"easy";"hom";"s";33;32;1;3;81;0;37,668;2,66666666666667;0,21141975308642;"conc";"neutr";"0"
"181";137;0,184941520467836;0;0,236111111111111;68;71;65;51;57;57;47;48;70;69;67;62;"hard";"clim";"ns";81;82;5;1;59;1;63,451;3,66666666666667;-0,344135802469136;"disc";"disc";"1"
"182";137;0,184941520467836;0;0,236111111111111;68;71;65;51;57;57;47;48;70;69;67;62;"hard";"gmo";"s";84;71;7;3;39;0;83,687;3,66666666666667;-0,344135802469136;"conc";"conc";"1"
"183";137;0,184941520467836;0;0,236111111111111;68;71;65;51;57;57;47;48;70;69;67;62;"hard";"hom";"ns";72;72;0;2;67;0;32,913;3,66666666666667;-0,344135802469136;"disc";"neutr";"1"
"184";139;-0,0519005847953216;0;0,236111111111111;45;42;28;66;34;26;26;52;29;59;25;52;"hard";"clim";"ns";47;45;44;3;60;1;109,601;4,66666666666667;-0,0108024691358025;"conc";"conc";"1"
"185";139;-0,0519005847953216;0;0,236111111111111;45;42;28;66;34;26;26;52;29;59;25;52;"hard";"gmo";"ns";38;37;38;2;77;1;53,389;4,66666666666667;-0,0108024691358025;"conc";"conc";"1"
"186";139;-0,0519005847953216;0;0,236111111111111;45;42;28;66;34;26;26;52;29;59;25;52;"hard";"hom";"ns";44;57;45;1;67;1;83,702;4,66666666666667;-0,0108024691358025;"conc";"neutr";"1"
"187";148;0,263888888888889;0;-0,263888888888889;89;76;94;62;100;100;73;0;1;100;10;0;"easy";"clim";"s";19;33;20;2;89;1;60,641;2,33333333333333;-0,121913580246914;"conc";"conc";"0"
"188";148;0,263888888888889;0;-0,263888888888889;89;76;94;62;100;100;73;0;1;100;10;0;"easy";"gmo";"s";20;21;29;3;80;1;29,975;2,33333333333333;-0,121913580246914;"conc";"conc";"0"
"189";148;0,263888888888889;0;-0,263888888888889;89;76;94;62;100;100;73;0;1;100;10;0;"easy";"hom";"s";27;47;31;1;71;1;65,49;2,33333333333333;-0,121913580246914;"conc";"neutr";"0"
"190";156;0,158625730994152;0;0,236111111111111;68;92;38;58;17;100;37;77;18;79;8;29;"easy";"clim";"s";65;65;67;3;62;0;57,189;4;0,100308641975309;"conc";"neutr";"0"
"191";156;0,158625730994152;0;0,236111111111111;68;92;38;58;17;100;37;77;18;79;8;29;"easy";"gmo";"ns";71;71;72;1;60;0;144,093;4;0,100308641975309;"disc";"neutr";"0"
"192";156;0,158625730994152;0;0,236111111111111;68;92;38;58;17;100;37;77;18;79;8;29;"easy";"hom";"s";27;27;35;2;82;1;72,55;4;0,100308641975309;"conc";"neutr";"0"
"193";163;0,421783625730994;0;0,236111111111111;75;52;52;61;76;31;57;61;0;76;4;10;"hard";"clim";"ns";18;65;64;1;39;0;186,005;2,66666666666667;-0,233024691358025;"disc";"disc";"1"
"194";163;0,421783625730994;0;0,236111111111111;75;52;52;61;76;31;57;61;0;76;4;10;"hard";"gmo";"s";63;62;71;2;22;1;67,402;2,66666666666667;-0,233024691358025;"conc";"conc";"1"
"195";163;0,421783625730994;0;0,236111111111111;75;52;52;61;76;31;57;61;0;76;4;10;"hard";"hom";"ns";52;62;77;3;23;1;38,636;2,66666666666667;-0,233024691358025;"disc";"neutr";"1"
"196";169;0,21125730994152;0;0,236111111111111;81;91;9;60;71;91;40;61;61;60;30;61;"hard";"clim";"ns";60;60;9;1;91;1;286,229;2,66666666666667;0,100308641975309;"disc";"disc";"1"
"197";169;0,21125730994152;0;0,236111111111111;81;91;9;60;71;91;40;61;61;60;30;61;"hard";"gmo";"ns";40;61;19;3;81;1;137,853;2,66666666666667;0,100308641975309;"disc";"disc";"1"
"198";169;0,21125730994152;0;0,236111111111111;81;91;9;60;71;91;40;61;61;60;30;61;"hard";"hom";"ns";40;60;9;2;91;1;143,22;2,66666666666667;0,100308641975309;"disc";"neutr";"1"
"199";176;0,0796783625730994;0;-0,263888888888889;100;100;92;69;100;100;73;70;86;76;39;90;"easy";"clim";"s";58;59;20;1;90;1;210,846;1,66666666666667;0,21141975308642;"conc";"conc";"0"
"200";176;0,0796783625730994;0;-0,263888888888889;100;100;92;69;100;100;73;70;86;76;39;90;"easy";"gmo";"s";16;12;3;3;100;1;45,911;1,66666666666667;0,21141975308642;"conc";"conc";"0"
"201";176;0,0796783625730994;0;-0,263888888888889;100;100;92;69;100;100;73;70;86;76;39;90;"easy";"hom";"s";21;22;6;2;100;0;76,887;1,66666666666667;0,21141975308642;"conc";"neutr";"0"
"202";195;0,105994152046784;1;0,236111111111111;85;87;76;28;91;86;16;38;1;96;62;12;"easy";"clim";"ns";17;19;11;3;78;1;61,487;2;0,322530864197531;"disc";"disc";"0"
"203";195;0,105994152046784;1;0,236111111111111;85;87;76;28;91;86;16;38;1;96;62;12;"easy";"gmo";"ns";37;60;19;1;68;0;116,172;2;0,322530864197531;"disc";"disc";"0"
"204";195;0,105994152046784;1;0,236111111111111;85;87;76;28;91;86;16;38;1;96;62;12;"easy";"hom";"s";8;9;11;2;94;0;69,476;2;0,322530864197531;"conc";"neutr";"0"
"205";196;0,290204678362573;0;0,236111111111111;85;84;83;18;4;100;89;2;2;96;50;1;"hard";"clim";"s";64;64;64;3;100;0;212,536;1,33333333333333;-0,121913580246914;"conc";"conc";"1"
"206";196;0,290204678362573;0;0,236111111111111;85;84;83;18;4;100;89;2;2;96;50;1;"hard";"gmo";"s";66;73;65;1;100;0;405,777;1,33333333333333;-0,121913580246914;"conc";"conc";"1"
"207";196;0,290204678362573;0;0,236111111111111;85;84;83;18;4;100;89;2;2;96;50;1;"hard";"hom";"ns";57;56;62;2;99;1;164,901;1,33333333333333;-0,121913580246914;"disc";"neutr";"1"
"208";202;-0,0255847953216374;0;0,236111111111111;76;91;92;19;91;100;19;10;0;82;9;20;"easy";"clim";"ns";30;40;29;1;82;1;94,454;1,33333333333333;0,21141975308642;"disc";"disc";"0"
"209";202;-0,0255847953216374;0;0,236111111111111;76;91;92;19;91;100;19;10;0;82;9;20;"easy";"gmo";"s";39;61;40;3;71;1;175,622;1,33333333333333;0,21141975308642;"conc";"conc";"0"
"210";202;-0,0255847953216374;0;0,236111111111111;76;91;92;19;91;100;19;10;0;82;9;20;"easy";"hom";"s";30;30;20;2;86;0;95,56;1,33333333333333;0,21141975308642;"conc";"neutr";"0"
"211";218;0,000730994152046777;0;-0,263888888888889;27;70;26;26;100;87;13;100;12;90;11;71;"hard";"clim";"s";21;7;1;3;82;1;107,908;3,66666666666667;0,21141975308642;"disc";"conc";"1"
"212";218;0,000730994152046777;0;-0,263888888888889;27;70;26;26;100;87;13;100;12;90;11;71;"hard";"gmo";"ns";20;13;4;2;86;0;187,436;3,66666666666667;0,21141975308642;"conc";"disc";"1"
"213";218;0,000730994152046777;0;-0,263888888888889;27;70;26;26;100;87;13;100;12;90;11;71;"hard";"hom";"ns";49;21;2;1;70;1;180,102;3,66666666666667;0,21141975308642;"conc";"neutr";"1"
"214";220;0,0533625730994152;0;0,236111111111111;55;60;84;67;93;85;61;10;2;100;85;8;"hard";"clim";"ns";0;29;0;3;100;0;59,835;2,66666666666667;0,21141975308642;"disc";"disc";"1"
"215";220;0,0533625730994152;0;0,236111111111111;55;60;84;67;93;85;61;10;2;100;85;8;"hard";"gmo";"s";1;54;0;1;100;1;199,797;2,66666666666667;0,21141975308642;"conc";"conc";"1"
"216";220;0,0533625730994152;0;0,236111111111111;55;60;84;67;93;85;61;10;2;100;85;8;"hard";"hom";"ns";0;26;0;2;100;1;74,25;2,66666666666667;0,21141975308642;"disc";"neutr";"1"
